Commune;Codepos;Departement;INSEE
AJOUX;7000;ARDECHE;7004
COUX;7000;ARDECHE;7072
CREYSSEILLES;7000;ARDECHE;7074
FLAVIAC;7000;ARDECHE;7090
FREYSSENET;7000;ARDECHE;7092
GOURDON;7000;ARDECHE;7098
LYAS;7000;ARDECHE;7146
POURCHERES;7000;ARDECHE;7179
PRANLES;7000;ARDECHE;7184
PRIVAS;7000;ARDECHE;7186
ST JULIEN EN ST ALBAN;7000;ARDECHE;7255
ST PRIEST;7000;ARDECHE;7288
VEYRAS;7000;ARDECHE;7340
ANNONAY;7100;ARDECHE;7010
BOULIEU LES ANNONAY;7100;ARDECHE;7041
ROIFFIEUX;7100;ARDECHE;7197
ST MARCEL LES ANNONAY;7100;ARDECHE;7265
BEAUMONT;7110;ARDECHE;7029
CHASSIERS;7110;ARDECHE;7058
CHAZEAUX;7110;ARDECHE;7062
JOANNAS;7110;ARDECHE;7109
LABOULE;7110;ARDECHE;7118
LARGENTIERE;7110;ARDECHE;7132
LAURAC EN VIVARAIS;7110;ARDECHE;7134
LOUBARESSE;7110;ARDECHE;7144
MONTREAL;7110;ARDECHE;7162
PRUNET;7110;ARDECHE;7187
ROCHER;7110;ARDECHE;7193
ROCLES;7110;ARDECHE;7196
SANILHAC;7110;ARDECHE;7307
TAURIERS;7110;ARDECHE;7318
UZER;7110;ARDECHE;7327
VALGORGE;7110;ARDECHE;7329
VINEZAC;7110;ARDECHE;7343
AURIOLLES;7120;ARDECHE;7021
BALAZUC;7120;ARDECHE;7023
CHAUZON;7120;ARDECHE;7061
GROSPIERRES;7120;ARDECHE;7101
LABEAUME;7120;ARDECHE;7115
PRADONS;7120;ARDECHE;7183
RUOMS;7120;ARDECHE;7201
ST ALBAN AURIOLLES;7120;ARDECHE;7207
SAMPZON;7120;ARDECHE;7306
CHATEAUBOURG;7130;ARDECHE;7059
CORNAS;7130;ARDECHE;7070
ST PERAY;7130;ARDECHE;7281
ST ROMAIN DE LERPS;7130;ARDECHE;7293
SOYONS;7130;ARDECHE;7316
TOULAUD;7130;ARDECHE;7323
LES ASSIONS;7140;ARDECHE;7017
BRAHIC;7140;ARDECHE;7043
CHAMBONAS;7140;ARDECHE;7050
CHASSAGNES;7140;ARDECHE;7057
GRAVIERES;7140;ARDECHE;7100
LAFIGERE;7140;ARDECHE;7125
MALARCE SUR LA THINES;7140;ARDECHE;7147
MALBOSC;7140;ARDECHE;7148
MONTSELGUES;7140;ARDECHE;7163
NAVES;7140;ARDECHE;7164
ST JEAN DE POURCHARESSE;7140;ARDECHE;7246
STE MARGUERITE LAFIGERE;7140;ARDECHE;7266
ST PIERRE ST JEAN;7140;ARDECHE;7284
LES SALELLES;7140;ARDECHE;7305
THINES;7140;ARDECHE;7320
LES VANS;7140;ARDECHE;7334
BESSAS;7150;ARDECHE;7033
LABASTIDE DE VIRAC;7150;ARDECHE;7113
LAGORCE;7150;ARDECHE;7126
ORGNAC L AVEN;7150;ARDECHE;7168
SALAVAS;7150;ARDECHE;7304
VAGNAS;7150;ARDECHE;7328
VALLON PONT D ARC;7150;ARDECHE;7330
ACCONS;7160;ARDECHE;7001
LE CHAMBON;7160;ARDECHE;7049
LE CHEYLARD;7160;ARDECHE;7064
DORNAS;7160;ARDECHE;7082
JAUNAC;7160;ARDECHE;7108
MARIAC;7160;ARDECHE;7150
NONIERES;7160;ARDECHE;7165
ST ANDEOL DE FOURCHADES;7160;ARDECHE;7209
ST BARTHELEMY LE MEIL;7160;ARDECHE;7215
ST CHRISTOL;7160;ARDECHE;7220
ST CIERGE SOUS LE CHEYLAR;7160;ARDECHE;7222
ST GENEST LACHAMP;7160;ARDECHE;7239
ST JEAN ROURE;7160;ARDECHE;7248
ST JULIEN LABROUSSE;7160;ARDECHE;7256
ST MICHEL D AURANCE;7160;ARDECHE;7276
DARBRES;7170;ARDECHE;7077
LAVILLEDIEU;7170;ARDECHE;7138
LUSSAS;7170;ARDECHE;7145
MIRABEL;7170;ARDECHE;7159
ST ANDEOL DE BERG;7170;ARDECHE;7208
ST GERMAIN;7170;ARDECHE;7241
ST LAURENT SOUS COIRON;7170;ARDECHE;7263
ST MAURICE D IBIE;7170;ARDECHE;7273
VILLENEUVE DE BERG;7170;ARDECHE;7341
ALBON;7190;ARDECHE;7006
BEAUVENE;7190;ARDECHE;7030
GLUIRAS;7190;ARDECHE;7096
ISSAMOULENC;7190;ARDECHE;7104
MARCOLS LES EAUX;7190;ARDECHE;7149
ST ETIENNE DE SERRE;7190;ARDECHE;7233
ST JULIEN DU GUA;7190;ARDECHE;7253
ST MAURICE EN CHALENCON;7190;ARDECHE;7274
ST PIERREVILLE;7190;ARDECHE;7286
ST SAUVEUR DE MONTAGUT;7190;ARDECHE;7295
AILHON;7200;ARDECHE;7002
AUBENAS;7200;ARDECHE;7019
FONS;7200;ARDECHE;7091
LABEGUDE;7200;ARDECHE;7116
LACHAPELLE SOUS AUBENAS;7200;ARDECHE;7122
LANAS;7200;ARDECHE;7131
LENTILLERES;7200;ARDECHE;7141
MERCUER;7200;ARDECHE;7155
ROCHECOLOMBE;7200;ARDECHE;7190
ST DIDIER SOUS AUBENAS;7200;ARDECHE;7229
ST ETIENNE DE BOULOGNE;7200;ARDECHE;7230
ST ETIENNE DE FONTBELLON;7200;ARDECHE;7231
ST JULIEN DU SERRE;7200;ARDECHE;7254
ST MAURICE D ARDECHE;7200;ARDECHE;7272
ST MICHEL DE BOULOGNE;7200;ARDECHE;7277
ST PRIVAT;7200;ARDECHE;7289
ST SERNIN;7200;ARDECHE;7296
UCEL;7200;ARDECHE;7325
VESSEAUX;7200;ARDECHE;7339
VOGUE;7200;ARDECHE;7348
ALISSAS;7210;ARDECHE;7008
BAIX;7210;ARDECHE;7022
CHOMERAC;7210;ARDECHE;7066
ROCHESSAUVE;7210;ARDECHE;7194
ST BAUZILE;7210;ARDECHE;7219
ST LAGER BRESSAC;7210;ARDECHE;7260
ST SYMPHORIEN SOUS CHOMER;7210;ARDECHE;7298
ST VINCENT DE BARRES;7210;ARDECHE;7302
LARNAS;7220;ARDECHE;7133
ST MONTANT;7220;ARDECHE;7279
ST THOME;7220;ARDECHE;7300
VIVIERS;7220;ARDECHE;7346
CHANDOLAS;7230;ARDECHE;7053
FAUGERES;7230;ARDECHE;7088
LABLACHERE;7230;ARDECHE;7117
PAYZAC;7230;ARDECHE;7171
PLANZOLLES;7230;ARDECHE;7176
ST ANDRE LACHAMP;7230;ARDECHE;7213
ST GENEST DE BEAUZON;7230;ARDECHE;7238
CHALENCON;7240;ARDECHE;7048
CHATEAUNEUF DE VERNOUX;7240;ARDECHE;7060
ST APPOLINAIRE DE RIAS;7240;ARDECHE;7214
ST JEAN CHAMBRE;7240;ARDECHE;7244
ST JULIEN LE ROUX;7240;ARDECHE;7257
SILHAC;7240;ARDECHE;7314
VERNOUX EN VIVARAIS;7240;ARDECHE;7338
LE POUZIN;7250;ARDECHE;7181
ROMPON;7250;ARDECHE;7198
DOMPNAC;7260;ARDECHE;7081
JOYEUSE;7260;ARDECHE;7110
RIBES;7260;ARDECHE;7189
ROSIERES;7260;ARDECHE;7199
SABLIERES;7260;ARDECHE;7202
ST MELANY;7260;ARDECHE;7275
VERNON;7260;ARDECHE;7336
BOUCIEU LE ROI;7270;ARDECHE;7040
COLOMBIER LE JEUNE;7270;ARDECHE;7068
LE CRESTET;7270;ARDECHE;7073
EMPURANY;7270;ARDECHE;7085
GILHOC SUR ORMEZE;7270;ARDECHE;7095
LAMASTRE;7270;ARDECHE;7129
NOZIERES;7270;ARDECHE;7166
ST BARTHELEMY GROZON;7270;ARDECHE;7216
ST BASILE;7270;ARDECHE;7218
ST PRIX;7270;ARDECHE;7290
ARDOIX;7290;ARDECHE;7013
PREAUX;7290;ARDECHE;7185
QUINTENAS;7290;ARDECHE;7188
ST JEURE D AY;7290;ARDECHE;7250
ST ROMAIN D AY;7290;ARDECHE;7292
ST SYMPHORIEN DE MAHUN;7290;ARDECHE;7299
SATILLIEU;7290;ARDECHE;7309
CHEMINAS;7300;ARDECHE;7063
ETABLES;7300;ARDECHE;7086
GLUN;7300;ARDECHE;7097
LEMPS;7300;ARDECHE;7140
MAUVES;7300;ARDECHE;7152
PLATS;7300;ARDECHE;7177
ST BARTHELEMY LE PLAIN;7300;ARDECHE;7217
ST JEAN DE MUZOLS;7300;ARDECHE;7245
TOURNON SUR RHONE;7300;ARDECHE;7324
ARCENS;7310;ARDECHE;7012
BOREE;7310;ARDECHE;7037
CHANEAC;7310;ARDECHE;7054
INTRES;7310;ARDECHE;7103
LACHAPELLE SOUS CHANEAC;7310;ARDECHE;7123
LA ROCHETTE;7310;ARDECHE;7195
ST CLEMENT;7310;ARDECHE;7226
ST JULIEN BOUTIERES;7310;ARDECHE;7252
ST MARTIAL;7310;ARDECHE;7267
ST MARTIN DE VALAMAS;7310;ARDECHE;7269
DEVESSET;7320;ARDECHE;7080
MARS;7320;ARDECHE;7151
LE POUZAT;7320;ARDECHE;7180
ROCHEPAULE;7320;ARDECHE;7192
ST AGREVE;7320;ARDECHE;7204
ST JEURE D ANDAURE;7320;ARDECHE;7249
ASTET;7330;ARDECHE;7018
BARNAS;7330;ARDECHE;7025
MAYRES;7330;ARDECHE;7153
THUEYTS;7330;ARDECHE;7322
ANDANCE;7340;ARDECHE;7009
BOGY;7340;ARDECHE;7036
BROSSAINC;7340;ARDECHE;7044
CHAMPAGNE;7340;ARDECHE;7051
CHARNAS;7340;ARDECHE;7056
FELINES;7340;ARDECHE;7089
LIMONY;7340;ARDECHE;7143
PEAUGRES;7340;ARDECHE;7172
PEYRAUD;7340;ARDECHE;7174
ST DESIRAT;7340;ARDECHE;7228
ST ETIENNE DE VALOUX;7340;ARDECHE;7234
ST JACQUES D ATTICIEUX;7340;ARDECHE;7243
SERRIERES;7340;ARDECHE;7313
TALENCIEUX;7340;ARDECHE;7317
THORRENC;7340;ARDECHE;7321
VINZIEUX;7340;ARDECHE;7344
CRUAS;7350;ARDECHE;7076
DUNIERES SUR EYRIEUX;7360;ARDECHE;7083
LES OLLIERES SUR EYRIEUX;7360;ARDECHE;7167
ST FORTUNAT SUR EYRIEUX;7360;ARDECHE;7237
ST MICHEL CHABRILLANOUX;7360;ARDECHE;7278
ST VINCENT DE DURFORT;7360;ARDECHE;7303
ARRAS SUR RHONE;7370;ARDECHE;7015
ECLASSAN;7370;ARDECHE;7084
OZON;7370;ARDECHE;7169
SARRAS;7370;ARDECHE;7308
CHIROLS;7380;ARDECHE;7065
FABRAS;7380;ARDECHE;7087
JAUJAC;7380;ARDECHE;7107
LALEVADE D ARDECHE;7380;ARDECHE;7127
MEYRAS;7380;ARDECHE;7156
PONT DE LABEAUME;7380;ARDECHE;7178
PRADES;7380;ARDECHE;7182
ST CIRGUES DE PRADES;7380;ARDECHE;7223
LA SOUCHE;7380;ARDECHE;7315
ALBA LA ROMAINE;7400;ARDECHE;7005
AUBIGNAS;7400;ARDECHE;7020
MEYSSE;7400;ARDECHE;7157
ROCHEMAURE;7400;ARDECHE;7191
ST MARTIN SUR LAVEZON;7400;ARDECHE;7270
ST MARTIN L INFERIEUR;7400;ARDECHE;7271
ST PIERRE LA ROCHE;7400;ARDECHE;7283
SCEAUTRES;7400;ARDECHE;7311
LE TEIL;7400;ARDECHE;7319
VALVIGNERES;7400;ARDECHE;7332
ARLEBOSC;7410;ARDECHE;7014
BOZAS;7410;ARDECHE;7039
COLOMBIER LE VIEUX;7410;ARDECHE;7069
PAILHARES;7410;ARDECHE;7170
ST FELICIEN;7410;ARDECHE;7236
ST VICTOR;7410;ARDECHE;7301
VAUDEVANT;7410;ARDECHE;7335
COLOMBIER LE CARDINAL;7430;ARDECHE;7067
DAVEZIEUX;7430;ARDECHE;7078
ST CLAIR;7430;ARDECHE;7225
ST CYR;7430;ARDECHE;7227
SAVAS;7430;ARDECHE;7310
VERNOSC LES ANNONAY;7430;ARDECHE;7337
ALBOUSSIERE;7440;ARDECHE;7007
BOFFRES;7440;ARDECHE;7035
CHAMPIS;7440;ARDECHE;7052
ST SYLVESTRE;7440;ARDECHE;7297
BURZET;7450;ARDECHE;7045
PEREYRES;7450;ARDECHE;7173
SAGNES ET GOUDOULET;7450;ARDECHE;7203
ST PIERRE DE COLOMBIER;7450;ARDECHE;7282
BANNE;7460;ARDECHE;7024
BEAULIEU;7460;ARDECHE;7028
BERRIAS ET CASTELJAU;7460;ARDECHE;7031
CASTELJAU;7460;ARDECHE;7046
ST ANDRE DE CRUZIERES;7460;ARDECHE;7211
ST PAUL LE JEUNE;7460;ARDECHE;7280
ST SAUVEUR DE CRUZIERES;7460;ARDECHE;7294
COUCOURON;7470;ARDECHE;7071
ISSARLES;7470;ARDECHE;7106
LE LAC D ISSARLES;7470;ARDECHE;7119
LACHAPELLE GRAILLOUSE;7470;ARDECHE;7121
GUILHERAND GRANGES;7500;ARDECHE;7102
CROS DE GEORAND;7510;ARDECHE;7075
ISSANLAS;7510;ARDECHE;7105
MAZAN L ABBAYE;7510;ARDECHE;7154
ST CIRGUES EN MONTAGNE;7510;ARDECHE;7224
STE EULALIE;7510;ARDECHE;7235
USCLADES ET RIEUTORD;7510;ARDECHE;7326
LAFARRE;7520;ARDECHE;7124
LALOUVESC;7520;ARDECHE;7128
ST PIERRE SUR DOUX;7520;ARDECHE;7285
AIZAC;7530;ARDECHE;7003
ANTRAIGUES SUR VOLANE;7530;ARDECHE;7011
GENESTELLE;7530;ARDECHE;7093
LACHAMP RAPHAEL;7530;ARDECHE;7120
LAVIOLLE;7530;ARDECHE;7139
MEZILHAC;7530;ARDECHE;7158
ST JOSEPH DES BANCS;7530;ARDECHE;7251
MONTPEZAT SOUS BAUZON;7560;ARDECHE;7161
LE ROUX;7560;ARDECHE;7200
DESAIGNES;7570;ARDECHE;7079
LABATIE D ANDAURE;7570;ARDECHE;7114
BERZEME;7580;ARDECHE;7032
ST GINEYS EN COIRON;7580;ARDECHE;7242
ST JEAN LE CENTENIER;7580;ARDECHE;7247
ST PONS;7580;ARDECHE;7287
BORNE;7590;ARDECHE;7038
CELLIER DU LUC;7590;ARDECHE;7047
LAVAL D AURELLE;7590;ARDECHE;7135
LE PLAGNAL;7590;ARDECHE;7175
ST ALBAN EN MONTAGNE;7590;ARDECHE;7206
ST ETIENNE DE LUGDARES;7590;ARDECHE;7232
ST LAURENT LES BAINS;7590;ARDECHE;7262
ASPERJOC;7600;ARDECHE;7016
JUVINAS;7600;ARDECHE;7111
LABASTIDE SUR BESORGUES;7600;ARDECHE;7112
ST ANDEOL DE VALS;7600;ARDECHE;7210
VALS LES BAINS;7600;ARDECHE;7331
SECHERAS;7610;ARDECHE;7312
VION;7610;ARDECHE;7345
LE BEAGE;7630;ARDECHE;7026
LANARCE;7660;ARDECHE;7130
LAVILLATTE;7660;ARDECHE;7137
LESPERON;7660;ARDECHE;7142
MONESTIER;7690;ARDECHE;7160
ST ANDRE EN VIVARAIS;7690;ARDECHE;7212
ST JULIEN VOCANCE;7690;ARDECHE;7258
VANOSC;7690;ARDECHE;7333
VILLEVOCANCE;7690;ARDECHE;7342
VOCANCE;7690;ARDECHE;7347
BIDON;7700;ARDECHE;7034
BOURG ST ANDEOL;7700;ARDECHE;7042
GRAS;7700;ARDECHE;7099
ST JUST;7700;ARDECHE;7259
ST MARCEL D ARDECHE;7700;ARDECHE;7264
ST MARTIN D ARDECHE;7700;ARDECHE;7268
ST REMEZE;7700;ARDECHE;7291
ST ALBAN D AY;7790;ARDECHE;7205
BEAUCHASTEL;7800;ARDECHE;7027
CHARMES SUR RHONE;7800;ARDECHE;7055
GILHAC ET BRUZAC;7800;ARDECHE;7094
ST CIERGE LA SERRE;7800;ARDECHE;7221
ST GEORGES LES BAINS;7800;ARDECHE;7240
ST LAURENT DU PAPE;7800;ARDECHE;7261
LA VOULTE SUR RHONE;7800;ARDECHE;7349
VALENCE;26000;DROME;26362
ROMANS SUR ISERE;26100;DROME;26281
ARPAVON;26110;DROME;26013
AUBRES;26110;DROME;26016
BELLECOMBE TARENDOL;26110;DROME;26046
BESIGNAN;26110;DROME;26050
CHATEAUNEUF DE BORDETTE;26110;DROME;26082
CHAUDEBONNE;26110;DROME;26089
CONDORCET;26110;DROME;26103
CURNIER;26110;DROME;26112
EYROLES;26110;DROME;26130
MIRABEL AUX BARONNIES;26110;DROME;26182
MONTAULIEU;26110;DROME;26190
NYONS;26110;DROME;26220
PIEGON;26110;DROME;26233
LES PILLES;26110;DROME;26238
LE POET SIGILLAT;26110;DROME;26244
ROCHEBRUNE;26110;DROME;26269
ST FERREOL TRENTE PAS;26110;DROME;26304
STE JALLE;26110;DROME;26306
ST MAURICE SUR EYGUES;26110;DROME;26317
ST SAUVEUR GOUVERNET;26110;DROME;26329
VALOUSE;26110;DROME;26363
VENTEROL;26110;DROME;26367
VINSOBRES;26110;DROME;26377
BARCELONNE;26120;DROME;26024
LA BAUME CORNILLANE;26120;DROME;26032
CHABEUIL;26120;DROME;26064
CHATEAUDOUBLE;26120;DROME;26081
COMBOVIN;26120;DROME;26100
MALISSARD;26120;DROME;26170
MONTELIER;26120;DROME;26197
MONTMEYRAN;26120;DROME;26206
MONTVENDRE;26120;DROME;26212
OURCHES;26120;DROME;26224
PEYRUS;26120;DROME;26232
UPIE;26120;DROME;26358
FAUCONNIERES;26120;DROME;26903
PARLANGES;26120;DROME;26911
CLANSAYES;26130;DROME;26093
MONTSEGUR SUR LAUZON;26130;DROME;26211
ST PAUL TROIS CHATEAUX;26130;DROME;26324
ST RESTITUT;26130;DROME;26326
SOLERIEUX;26130;DROME;26342
ALBON;26140;DROME;26002
ANDANCETTE;26140;DROME;26009
ANNEYRON;26140;DROME;26010
ST RAMBERT D ALBON;26140;DROME;26325
CREUX DE LA THINE;26140;DROME;26901
AIX EN DIOIS;26150;DROME;26001
BARSAC;26150;DROME;26027
CHAMALOC;26150;DROME;26069
DIE;26150;DROME;26113
LAVAL D AIX;26150;DROME;26159
MARIGNAC EN DIOIS;26150;DROME;26175
MOLIERES GLANDAZ;26150;DROME;26187
MONTMAUR EN DIOIS;26150;DROME;26205
PONET ET ST AUBAN;26150;DROME;26246
PONTAIX;26150;DROME;26248
ROMEYER;26150;DROME;26282
ST ANDEOL;26150;DROME;26291
STE CROIX;26150;DROME;26299
ST JULIEN EN QUINT;26150;DROME;26308
VACHERES EN QUINT;26150;DROME;26359
LA BATIE ROLLAND;26160;DROME;26031
LA BEGUDE DE MAZENC;26160;DROME;26045
BONLIEU SUR ROUBION;26160;DROME;26052
EYZAHUT;26160;DROME;26131
FELINES SUR RIMANDOULE;26160;DROME;26134
MANAS;26160;DROME;26171
LE POET LAVAL;26160;DROME;26243
PONT DE BARRET;26160;DROME;26249
PORTES EN VALDAINE;26160;DROME;26251
PUYGIRON;26160;DROME;26257
ROCHEBAUDIN;26160;DROME;26268
ROCHEFORT EN VALDAINE;26160;DROME;26272
ST GERVAIS SUR ROUBION;26160;DROME;26305
SALETTES;26160;DROME;26334
SOUSPIERRE;26160;DROME;26343
LA TOUCHE;26160;DROME;26352
BEAUVOISIN;26170;DROME;26043
BENIVAY OLLON;26170;DROME;26048
BUIS LES BARONNIES;26170;DROME;26063
EYGALIERS;26170;DROME;26127
MERINDOL LES OLIVIERS;26170;DROME;26180
MOLLANS SUR OUVEZE;26170;DROME;26188
MONTAUBAN SUR L OUVEZE;26170;DROME;26189
MONTGUERS;26170;DROME;26201
LA PENNE SUR L OUVEZE;26170;DROME;26229
PIERRELONGUE;26170;DROME;26236
PLAISIANS;26170;DROME;26239
LE POET EN PERCIP;26170;DROME;26242
PROPIAC;26170;DROME;26256
RIOMS;26170;DROME;26267
LA ROCHE SUR LE BUIS;26170;DROME;26278
LA ROCHETTE DU BUIS;26170;DROME;26279
ST AUBAN SUR L OUVEZE;26170;DROME;26292
STE EUPHEMIE SUR OUVEZE;26170;DROME;26303
VERCOIRAN;26170;DROME;26370
BOUVANTE;26190;DROME;26059
LE CHAFFAL;26190;DROME;26066
ECHEVIS;26190;DROME;26117
LEONCEL;26190;DROME;26163
LA MOTTE FANJAS;26190;DROME;26217
ORIOL EN ROYANS;26190;DROME;26223
ROCHECHINARD;26190;DROME;26270
STE EULALIE EN ROYANS;26190;DROME;26302
ST JEAN EN ROYANS;26190;DROME;26307
ST LAURENT EN ROYANS;26190;DROME;26311
ST MARTIN LE COLONEL;26190;DROME;26316
ST NAZAIRE EN ROYANS;26190;DROME;26320
ST THOMAS EN ROYANS;26190;DROME;26331
LA VACHERIE;26190;DROME;26905
ANCONE;26200;DROME;26008
MONTELIMAR;26200;DROME;26198
EPINOUZE;26210;DROME;26118
LAPEYROUSE MORNAY;26210;DROME;26155
LENS LESTANG;26210;DROME;26162
MANTHES;26210;DROME;26172
MORAS EN VALLOIRE;26210;DROME;26213
ST SORLIN EN VALLOIRE;26210;DROME;26330
COMPS;26220;DROME;26101
DIEULEFIT;26220;DROME;26114
MONTJOUX;26220;DROME;26202
ORCINAS;26220;DROME;26222
TEYSSIERES;26220;DROME;26350
VESC;26220;DROME;26373
CHAMARET;26230;DROME;26070
CHANTEMERLE LES GRIGNAN;26230;DROME;26073
COLONZELLE;26230;DROME;26099
GRIGNAN;26230;DROME;26146
MONTJOYER;26230;DROME;26203
REAUVILLE;26230;DROME;26261
ROUSSAS;26230;DROME;26284
VALAURIE;26230;DROME;26360
BEAUSEMBLANT;26240;DROME;26041
CLAVEYSON;26240;DROME;26094
FAY LE CLOS;26240;DROME;26133
LAVEYRON;26240;DROME;26160
LA MOTTE DE GALAURE;26240;DROME;26216
MUREILS;26240;DROME;26219
PONSAS;26240;DROME;26247
ST BARTHELEMY DE VALS;26240;DROME;26295
ST UZE;26240;DROME;26332
ST VALLIER;26240;DROME;26333
LIVRON SUR DROME;26250;DROME;26165
LES PETITS ROBINS;26250;DROME;26908
ARTHEMONAY;26260;DROME;26014
BATHERNAY;26260;DROME;26028
BREN;26260;DROME;26061
CHARMES SUR L HERBASSE;26260;DROME;26077
CHAVANNES;26260;DROME;26092
CLERIEUX;26260;DROME;26096
MARGES;26260;DROME;26174
MARSAZ;26260;DROME;26177
ST BARDOUX;26260;DROME;26294
ST DONAT SUR L HERBASSE;26260;DROME;26301
CLIOUSCLAT;26270;DROME;26097
LORIOL SUR DROME;26270;DROME;26166
MIRMANDE;26270;DROME;26185
SAULCE SUR RHONE;26270;DROME;26337
LES REYS DE SAULCE;26270;DROME;26909
DONZERE;26290;DROME;26116
LES GRANGES GONTARDES;26290;DROME;26145
ALIXAN;26300;DROME;26004
BARBIERES;26300;DROME;26023
BEAUREGARD BARET;26300;DROME;26039
BESAYES;26300;DROME;26049
BOURG DE PEAGE;26300;DROME;26057
CHARPEY;26300;DROME;26079
CHATEAUNEUF SUR ISERE;26300;DROME;26084
CHATUZANGE LE GOUBET;26300;DROME;26088
MARCHES;26300;DROME;26173
ROCHEFORT SAMSON;26300;DROME;26273
JAILLANS;26300;DROME;26381
ST VINCENT LA COMMANDERIE;26300;DROME;26382
PIZANCON;26300;DROME;26912
ST DIDIER DE CHARPEY;26300;DROME;26913
BARNAVE;26310;DROME;26025
LA BATIE CREMEZIN;26310;DROME;26029
LA BATIE DES FONDS;26310;DROME;26030
BEAUMONT EN DIOIS;26310;DROME;26036
BEAURIERES;26310;DROME;26040
CHARENS;26310;DROME;26076
VAL MARAVEL;26310;DROME;26136
JANSAC;26310;DROME;26151
JONCHERES;26310;DROME;26152
LESCHES EN DIOIS;26310;DROME;26164
LUC EN DIOIS;26310;DROME;26167
MISCON;26310;DROME;26186
MONTLAUR EN DIOIS;26310;DROME;26204
LE PILHON;26310;DROME;26237
POYOLS;26310;DROME;26253
LES PRES;26310;DROME;26255
RECOUBEAU JANSAC;26310;DROME;26262
ST DIZIER EN DIOIS;26310;DROME;26300
VALDROME;26310;DROME;26361
ST MARCEL LES VALENCE;26320;DROME;26313
CHATEAUNEUF DE GALAURE;26330;DROME;26083
RATIERES;26330;DROME;26259
ST AVIT;26330;DROME;26293
ST MARTIN D AOUT;26330;DROME;26314
AUBENASSON;26340;DROME;26015
AUCELON;26340;DROME;26017
AUREL;26340;DROME;26019
BRETTE;26340;DROME;26062
CHALANCON;26340;DROME;26067
CHASTEL ARNAUD;26340;DROME;26080
LA CHAUDIERE;26340;DROME;26090
ESPENEL;26340;DROME;26122
PENNES LE SEC;26340;DROME;26228
PRADELLE;26340;DROME;26254
RIMON ET SAVEL;26340;DROME;26266
ROCHEFOURCHAT;26340;DROME;26274
SAILLANS;26340;DROME;26289
ST BENOIT EN DIOIS;26340;DROME;26296
ST NAZAIRE LE DESERT;26340;DROME;26321
ST SAUVEUR EN DIOIS;26340;DROME;26328
VERCHENY;26340;DROME;26368
VERONNE;26340;DROME;26371
LE CHALON;26350;DROME;26068
CREPOL;26350;DROME;26107
MIRIBEL;26350;DROME;26184
MONTCHENU;26350;DROME;26194
MONTRIGAUD;26350;DROME;26210
ST BONNET DE VALCLERIEUX;26350;DROME;26297
ST CHRISTOPHE ET LE LARIS;26350;DROME;26298
ST LAURENT D ONAY;26350;DROME;26310
PEYRINS;26380;DROME;26231
HAUTERIVES;26390;DROME;26148
TERSANNE;26390;DROME;26349
ALLEX;26400;DROME;26006
AOUSTE SUR SYE;26400;DROME;26011
LA REPARA AURIPLES;26400;DROME;26020
AUTICHAMP;26400;DROME;26021
BEAUFORT SUR GERVANNE;26400;DROME;26035
CHABRILLAN;26400;DROME;26065
COBONNE;26400;DROME;26098
CREST;26400;DROME;26108
DIVAJEU;26400;DROME;26115
EURRE;26400;DROME;26125
EYGLUY ESCOULIN;26400;DROME;26128
FRANCILLON SUR ROUBION;26400;DROME;26137
GIGORS ET LOZERON;26400;DROME;26141
GRANE;26400;DROME;26144
MIRABEL ET BLACONS;26400;DROME;26183
MONTCLAR SUR GERVANNE;26400;DROME;26195
OMBLEZE;26400;DROME;26221
PIEGROS LA CLASTRE;26400;DROME;26234
PLAN DE BAIX;26400;DROME;26240
LA ROCHE SUR GRANE;26400;DROME;26277
LA ROCHETTE SUR CREST;26400;DROME;26280
SAOU;26400;DROME;26336
SOYANS;26400;DROME;26344
SUZE;26400;DROME;26346
VAUNAVEYS LA ROCHETTE;26400;DROME;26365
BONNEVAL EN DIOIS;26410;DROME;26053
BOULC;26410;DROME;26055
CHATILLON EN DIOIS;26410;DROME;26086
CREYERS;26410;DROME;26109
GLANDAGE;26410;DROME;26142
MENGLON;26410;DROME;26178
RAVEL ET FERRIERS;26410;DROME;26260
ST ROMAN;26410;DROME;26327
TRESCHENU CREYERS;26410;DROME;26354
LA CHAPELLE EN VERCORS;26420;DROME;26074
ST AGNAN EN VERCORS;26420;DROME;26290
ST JULIEN EN VERCORS;26420;DROME;26309
ST MARTIN EN VERCORS;26420;DROME;26315
VASSIEUX EN VERCORS;26420;DROME;26364
LES BARRAQUES EN VERCORS;26420;DROME;26907
COL DE ROUSSET;26420;DROME;26914
ROUSSET EN VERCORS;26420;DROME;26915
CHAROLS;26450;DROME;26078
CLEON D ANDRAN;26450;DROME;26095
PUY ST MARTIN;26450;DROME;26258
ROYNAC;26450;DROME;26287
BEZAUDUN SUR BINE;26460;DROME;26051
BOURDEAUX;26460;DROME;26056
BOUVIERES;26460;DROME;26060
CRUPIES;26460;DROME;26111
MORNANS;26460;DROME;26214
LE POET CELARD;26460;DROME;26241
LES TONILS;26460;DROME;26351
TRUINAS;26460;DROME;26356
ARNAYON;26470;DROME;26012
BELLEGARDE EN DIOIS;26470;DROME;26047
LA CHARCE;26470;DROME;26075
ESTABLET;26470;DROME;26123
GUMIANE;26470;DROME;26147
LA MOTTE CHALANCON;26470;DROME;26215
POMMEROL;26470;DROME;26245
ROTTIER;26470;DROME;26283
VOLVENT;26470;DROME;26378
BOURG LES VALENCE;26500;DROME;26058
CHAUVAC;26510;DROME;26091
CORNILLAC;26510;DROME;26104
CORNILLON SUR L OULE;26510;DROME;26105
LAUX MONTAUX;26510;DROME;26158
LEMPS;26510;DROME;26161
MONTFERRAND LA FARE;26510;DROME;26199
MONTREAL LES SOURCES;26510;DROME;26209
PELONNE;26510;DROME;26227
REMUZAT;26510;DROME;26264
ROUSSIEUX;26510;DROME;26286
SAHUNE;26510;DROME;26288
ST MAY;26510;DROME;26318
VERCLAUSE;26510;DROME;26369
VILLEPERDRIX;26510;DROME;26376
LE GRAND SERRE;26530;DROME;26143
MOURS ST EUSEBE;26540;DROME;26218
BALLONS;26560;DROME;26022
EYGALAYES;26560;DROME;26126
IZON LA BRUISSE;26560;DROME;26150
LABOREL;26560;DROME;26153
LACHAU;26560;DROME;26154
MEVOUILLON;26560;DROME;26181
MONTFROC;26560;DROME;26200
SEDERON;26560;DROME;26340
VERS SUR MEOUGE;26560;DROME;26372
VILLEFRANCHE LE CHATEAU;26560;DROME;26375
AULAN;26570;DROME;26018
BARRET DE LIOURE;26570;DROME;26026
FERRASSIERES;26570;DROME;26135
MONTBRUN LES BAINS;26570;DROME;26193
REILHANETTE;26570;DROME;26263
BEAUMONT MONTEUX;26600;DROME;26038
CHANOS CURSON;26600;DROME;26071
CHANTEMERLE LES BLES;26600;DROME;26072
CROZES HERMITAGE;26600;DROME;26110
EROME;26600;DROME;26119
LARNAGE;26600;DROME;26156
MERCUROL;26600;DROME;26179
PONT DE L ISERE;26600;DROME;26250
LA ROCHE DE GLUN;26600;DROME;26271
SERVES SUR RHONE;26600;DROME;26341
TAIN L HERMITAGE;26600;DROME;26347
VEAUNES;26600;DROME;26366
GRANGES LES BEAUMONT;26600;DROME;26379
GERVANS;26600;DROME;26380
LUS LA CROIX HAUTE;26620;DROME;26168
LA GARDE ADHEMAR;26700;DROME;26138
PIERRELATTE;26700;DROME;26235
LA BAUME D HOSTUN;26730;DROME;26034
EYMEUX;26730;DROME;26129
HOSTUN;26730;DROME;26149
L ECANCIERE;26730;DROME;26906
CONDILLAC;26740;DROME;26102
LA COUCOURDE;26740;DROME;26106
LA LAUPIE;26740;DROME;26157
MARSANNE;26740;DROME;26176
MONTBOUCHER SUR JABRON;26740;DROME;26191
ST MARCEL LES SAUZET;26740;DROME;26312
SAUZET;26740;DROME;26338
SAVASSE;26740;DROME;26339
LES TOURRETTES;26740;DROME;26353
DERBIERES;26740;DROME;26902
L HOMME D ARMES;26740;DROME;26910
CHATILLON ST JEAN;26750;DROME;26087
GENISSIEUX;26750;DROME;26139
GEYSSANS;26750;DROME;26140
MONTMIRAL;26750;DROME;26207
PARNANS;26750;DROME;26225
ST MICHEL SUR SAVASSE;26750;DROME;26319
ST PAUL LES ROMANS;26750;DROME;26323
TRIORS;26750;DROME;26355
BEAUMONT LES VALENCE;26760;DROME;26037
MONTELEGER;26760;DROME;26196
ALEYRAC;26770;DROME;26003
BECONNE;26770;DROME;26044
MONTBRISON;26770;DROME;26192
LE PEGUE;26770;DROME;26226
ROCHE ST SECRET BECONNE;26770;DROME;26276
ROUSSET LES VIGNES;26770;DROME;26285
ST PANTALEON LES VIGNES;26770;DROME;26322
SALLES SOUS BOIS;26770;DROME;26335
TAULIGNAN;26770;DROME;26348
ALLAN;26780;DROME;26005
CHATEAUNEUF DU RHONE;26780;DROME;26085
ESPELUCHE;26780;DROME;26121
MALATAVERNE;26780;DROME;26169
LA BAUME DE TRANSIT;26790;DROME;26033
BOUCHET;26790;DROME;26054
ROCHEGUDE;26790;DROME;26275
SUZE LA ROUSSE;26790;DROME;26345
TULETTE;26790;DROME;26357
AMBONIL;26800;DROME;26007
BEAUVALLON;26800;DROME;26042
ETOILE SUR RHONE;26800;DROME;26124
MONTOISON;26800;DROME;26208
PORTES LES VALENCE;26800;DROME;26252
LA PAILLASSE;26800;DROME;26904
GRENOBLE;38000;ISERE;38185
ST QUENTIN FALLAVIER;38070;ISERE;38449
FALLAVIER;38070;ISERE;38919
FOUR;38080;ISERE;38172
L ISLE D ABEAU;38080;ISERE;38193
ST MARCEL BEL ACCUEIL;38080;ISERE;38415
BONNEFAMILLE;38090;ISERE;38048
ROCHE;38090;ISERE;38339
VAULX MILIEU;38090;ISERE;38530
VILLEFONTAINE;38090;ISERE;38553
BOIS DE ROCHE;38090;ISERE;38922
LA BATIE MONTGASCON;38110;ISERE;38029
CESSIEU;38110;ISERE;38064
LA CHAPELLE DE LA TOUR;38110;ISERE;38076
DOLOMIEU;38110;ISERE;38148
FAVERGES DE LA TOUR;38110;ISERE;38162
MONTAGNIEU;38110;ISERE;38246
ROCHETOIRIN;38110;ISERE;38341
STE BLANDINE;38110;ISERE;38369
ST CLAIR DE LA TOUR;38110;ISERE;38377
ST DIDIER DE LA TOUR;38110;ISERE;38381
ST JEAN DE SOUDAIN;38110;ISERE;38401
ST VICTOR DE CESSIEU;38110;ISERE;38464
LA TOUR DU PIN;38110;ISERE;38509
MEAUDRE;38112;ISERE;38225
VEUREY VOROIZE;38113;ISERE;38540
ALLEMOND;38114;ISERE;38005
OZ;38114;ISERE;38289
VAUJANY;38114;ISERE;38527
VILLARD RECULAS;38114;ISERE;38550
HIERES SUR AMBY;38118;ISERE;38190
ST BAUDILLE DE LA TOUR;38118;ISERE;38365
PIERRE CHATEL;38119;ISERE;38304
ST THEOFFREY;38119;ISERE;38462
VILLARD ST CHRISTOPHE;38119;ISERE;38552
FONTANIL CORNILLON;38120;ISERE;38170
MONT ST MARTIN;38120;ISERE;38258
PROVEYSIEUX;38120;ISERE;38325
ST EGREVE;38120;ISERE;38382
CHONAS L AMBALLAN;38121;ISERE;38107
REVENTIN VAUGRIS;38121;ISERE;38336
CHALONS;38122;ISERE;38066
COUR ET BUIS;38122;ISERE;38134
MONSTEROUX MILIEU;38122;ISERE;38244
MONTSEVEROUX;38122;ISERE;38259
ST JULIEN DE L HERMS;38122;ISERE;38406
ECHIROLLES;38130;ISERE;38151
ST JOSEPH DE RIVIERE;38134;ISERE;38405
ST JULIEN DE RAZ;38134;ISERE;38407
PALADRU;38137;ISERE;38292
LES COTES D AREY;38138;ISERE;38131
APPRIEU;38140;ISERE;38013
BEAUCROISSANT;38140;ISERE;38030
CHARNECLES;38140;ISERE;38084
IZEAUX;38140;ISERE;38194
LA MURETTE;38140;ISERE;38270
REAUMONT;38140;ISERE;38331
RENAGE;38140;ISERE;38332
RIVES;38140;ISERE;38337
ST BLAISE DU BUIS;38140;ISERE;38368
ST PAUL D IZEAUX;38140;ISERE;38437
LE RIVIER;38140;ISERE;38900
AURIS;38142;ISERE;38020
BESSE;38142;ISERE;38040
CLAVANS EN HAUT OISANS;38142;ISERE;38112
LE FRENEY D OISANS;38142;ISERE;38173
MIZOEN;38142;ISERE;38237
NOTRE DAME DE VAUX;38144;ISERE;38280
AGNIN;38150;ISERE;38003
ANJOU;38150;ISERE;38009
ASSIEU;38150;ISERE;38017
BOUGE CHAMBALUD;38150;ISERE;38051
CHANAS;38150;ISERE;38072
LA CHAPELLE DE SURIEU;38150;ISERE;38077
ROUSSILLON;38150;ISERE;38344
ST ROMAIN DE SURIEU;38150;ISERE;38452
SALAISE SUR SANNE;38150;ISERE;38468
SONNAY;38150;ISERE;38496
VERNIOZ;38150;ISERE;38536
VILLE SOUS ANJOU;38150;ISERE;38556
BEAUVOIR EN ROYANS;38160;ISERE;38036
BESSINS;38160;ISERE;38041
CHATTE;38160;ISERE;38095
CHEVRIERES;38160;ISERE;38099
DIONAY;38160;ISERE;38145
IZERON;38160;ISERE;38195
MONTAGNE;38160;ISERE;38245
MURINAIS;38160;ISERE;38272
ST ANTOINE L ABBAYE;38160;ISERE;38359
ST APPOLINARD;38160;ISERE;38360
ST MARCELLIN;38160;ISERE;38416
ST PIERRE DE CHERENNES;38160;ISERE;38443
ST ROMANS;38160;ISERE;38453
ST SAUVEUR;38160;ISERE;38454
ST VERAND;38160;ISERE;38463
SEYSSINET PARISET;38170;ISERE;38485
SEYSSINS;38180;ISERE;38486
LES ADRETS;38190;ISERE;38002
BERNIN;38190;ISERE;38039
LE CHAMP PRES FROGES;38190;ISERE;38070
LA COMBE DE LANCEY;38190;ISERE;38120
CROLLES;38190;ISERE;38140
FROGES;38190;ISERE;38175
LAVAL;38190;ISERE;38206
STE AGNES;38190;ISERE;38350
ST MURY MONTEYMOND;38190;ISERE;38430
VILLARD BONNOT;38190;ISERE;38547
BRIGNOUD;38190;ISERE;38920
PRAPOUTEL;38190;ISERE;38925
LANCEY;38190;ISERE;38930
CHUZELLES;38200;ISERE;38110
JARDIN;38200;ISERE;38199
LUZINAY;38200;ISERE;38215
ST SORLIN DE VIENNE;38200;ISERE;38459
SERPAIZE;38200;ISERE;38484
SEYSSUEL;38200;ISERE;38487
VIENNE;38200;ISERE;38544
VILLETTE DE VIENNE;38200;ISERE;38558
CRAS;38210;ISERE;38137
MONTAUD;38210;ISERE;38248
MORETTE;38210;ISERE;38263
POLIENAS;38210;ISERE;38310
LA RIVIERE;38210;ISERE;38338
ST QUENTIN SUR ISERE;38210;ISERE;38450
TULLINS;38210;ISERE;38517
VOUREY;38210;ISERE;38566
FURES;38210;ISERE;38921
CHOLONGE;38220;ISERE;38106
LAFFREY;38220;ISERE;38203
LIVET ET GAVET;38220;ISERE;38212
MONTCHABOUD;38220;ISERE;38252
NOTRE DAME DE MESAGE;38220;ISERE;38279
ST BARTHELEMY DE SECHILIE;38220;ISERE;38364
ST JEAN DE VAUX;38220;ISERE;38402
ST PIERRE DE MESAGE;38220;ISERE;38445
SECHILIENNE;38220;ISERE;38478
VIZILLE;38220;ISERE;38562
RIOUPEROUX;38220;ISERE;38932
LIVET;38220;ISERE;38933
GAVET;38220;ISERE;38934
CHARVIEU CHAVAGNEUX;38230;ISERE;38085
CHAVANOZ;38230;ISERE;38097
PONT DE CHERUY;38230;ISERE;38316
TIGNIEU JAMEYZIEU;38230;ISERE;38507
JAMEYZIEU;38230;ISERE;38903
CHAVAGNEUX;38230;ISERE;38904
MEYLAN;38240;ISERE;38229
CORRENCON EN VERCORS;38250;ISERE;38129
LANS EN VERCORS;38250;ISERE;38205
ST NIZIER DU MOUCHEROTTE;38250;ISERE;38433
VILLARD DE LANS;38250;ISERE;38548
ARZAY;38260;ISERE;38016
BALBINS;38260;ISERE;38025
BOSSIEU;38260;ISERE;38049
CHAMPIER;38260;ISERE;38069
COMMELLE;38260;ISERE;38121
LA COTE ST ANDRE;38260;ISERE;38130
FARAMANS;38260;ISERE;38161
LA FRETTE;38260;ISERE;38174
GILLONNAY;38260;ISERE;38180
MARCILLOLES;38260;ISERE;38218
MOTTIER;38260;ISERE;38267
NANTOIN;38260;ISERE;38274
ORNACIEUX;38260;ISERE;38284
PAJAY;38260;ISERE;38291
PENOL;38260;ISERE;38300
POMMIER DE BEAUREPAIRE;38260;ISERE;38311
ST HILAIRE DE LA COTE;38260;ISERE;38393
SARDIEU;38260;ISERE;38473
SEMONS;38260;ISERE;38479
THODURE;38260;ISERE;38505
BEAUFORT;38270;ISERE;38032
BEAUREPAIRE;38270;ISERE;38034
BELLEGARDE POUSSIEU;38270;ISERE;38037
JARCIEU;38270;ISERE;38198
LENTIOL;38270;ISERE;38209
MARCOLLIN;38270;ISERE;38219
MOISSIEU SUR DOLON;38270;ISERE;38240
PACT;38270;ISERE;38290
PISIEU;38270;ISERE;38307
PRIMARETTE;38270;ISERE;38324
REVEL TOURDAN;38270;ISERE;38335
ST BARTHELEMY;38270;ISERE;38363
ANTHON;38280;ISERE;38011
JANNEYRIAS;38280;ISERE;38197
VILLETTE D ANTHON;38280;ISERE;38557
MONS;38280;ISERE;38901
ASNIERES;38280;ISERE;38902
FRONTONAS;38290;ISERE;38176
SATOLAS ET BONCE;38290;ISERE;38475
LA VERPILLIERE;38290;ISERE;38537
HAUT DE BONCE;38290;ISERE;38907
BAS DE BONCE;38290;ISERE;38908
BONCE;38290;ISERE;38909
LE CHAFFARD;38290;ISERE;38910
GONAS;38290;ISERE;38911
BADINIERES;38300;ISERE;38024
BOURGOIN JALLIEU;38300;ISERE;38053
CHATEAUVILLAIN;38300;ISERE;38091
CHEZENEUVE;38300;ISERE;38102
CRACHIER;38300;ISERE;38136
CULIN;38300;ISERE;38141
DOMARIN;38300;ISERE;38149
ECLOSE;38300;ISERE;38152
LES EPARRES;38300;ISERE;38156
MAUBEC;38300;ISERE;38223
MEYRIE;38300;ISERE;38230
MONTCEAU;38300;ISERE;38251
NIVOLAS VERMELLE;38300;ISERE;38276
RUY;38300;ISERE;38348
ST AGNIN SUR BION;38300;ISERE;38351
ST ALBAN DE ROCHE;38300;ISERE;38352
ST SAVIN;38300;ISERE;38455
SEREZIN DE LA TOUR;38300;ISERE;38481
SUCCIEU;38300;ISERE;38498
TRAMOLE;38300;ISERE;38512
JALLIEU;38300;ISERE;38938
BRESSON;38320;ISERE;38057
BRIE ET ANGONNES;38320;ISERE;38059
EYBENS;38320;ISERE;38158
HERBEYS;38320;ISERE;38188
POISAT;38320;ISERE;38309
BIVIERS;38330;ISERE;38045
MONTBONNOT ST MARTIN;38330;ISERE;38249
ST ISMIER;38330;ISERE;38397
ST NAZAIRE LES EYMES;38330;ISERE;38431
POMMIERS LA PLACETTE;38340;ISERE;38312
VOREPPE;38340;ISERE;38565
COGNET;38350;ISERE;38116
LAVALDENS;38350;ISERE;38207
MARCIEU;38350;ISERE;38217
MAYRES SAVEL;38350;ISERE;38224
LA MORTE;38350;ISERE;38264
LA MURE;38350;ISERE;38269
NANTES EN RATIER;38350;ISERE;38273
ORIS EN RATTIER;38350;ISERE;38283
PONSONNAS;38350;ISERE;38313
PRUNIERES;38350;ISERE;38326
ST AREY;38350;ISERE;38361
ST HONORE;38350;ISERE;38396
ST LAURENT EN BEAUMONT;38350;ISERE;38413
ST MICHEL EN BEAUMONT;38350;ISERE;38428
ST PIERRE DE MEAROZ;38350;ISERE;38444
LA SALLE EN BEAUMONT;38350;ISERE;38470
SIEVOZ;38350;ISERE;38489
SOUSVILLE;38350;ISERE;38497
SUSVILLE;38350;ISERE;38499
LA VALETTE;38350;ISERE;38521
ENGINS;38360;ISERE;38153
NOYAREY;38360;ISERE;38281
SASSENAGE;38360;ISERE;38474
LES ROCHES DE CONDRIEU;38370;ISERE;38340
ST ALBAN DU RHONE;38370;ISERE;38353
ST CLAIR DU RHONE;38370;ISERE;38378
ST PRIM;38370;ISERE;38448
ENTRE DEUX GUIERS;38380;ISERE;38155
MIRIBEL LES ECHELLES;38380;ISERE;38236
ST CHRISTOPHE SUR GUIERS;38380;ISERE;38376
ST LAURENT DU PONT;38380;ISERE;38412
ST PIERRE DE CHARTREUSE;38380;ISERE;38442
LA BALME LES GROTTES;38390;ISERE;38026
BOUVESSE QUIRIEU;38390;ISERE;38054
CHARETTE;38390;ISERE;38083
MONTALIEU VERCIEU;38390;ISERE;38247
PARMILIEU;38390;ISERE;38295
PORCIEU AMBLAGNIEU;38390;ISERE;38320
VERTRIEU;38390;ISERE;38539
ST MARTIN D HERES;38400;ISERE;38421
ST MARTIN D URIAGE;38410;ISERE;38422
VAULNAVEYS LE BAS;38410;ISERE;38528
VAULNAVEYS LE HAUT;38410;ISERE;38529
CHAMROUSSE;38410;ISERE;38567
URIAGE;38410;ISERE;38905
DOMENE;38420;ISERE;38150
MURIANETTE;38420;ISERE;38271
REVEL;38420;ISERE;38334
ST JEAN LE VIEUX;38420;ISERE;38404
LE VERSOUD;38420;ISERE;38538
MOIRANS;38430;ISERE;38239
ST JEAN DE MOIRANS;38430;ISERE;38400
ARTAS;38440;ISERE;38015
BEAUVOIR DE MARC;38440;ISERE;38035
CHATONNAY;38440;ISERE;38094
LIEUDIEU;38440;ISERE;38211
MEYRIEU LES ETANGS;38440;ISERE;38231
MEYSSIES;38440;ISERE;38232
MOIDIEU DETOURBE;38440;ISERE;38238
ROYAS;38440;ISERE;38346
STE ANNE SUR GERVONDE;38440;ISERE;38358
ST JEAN DE BOURNAY;38440;ISERE;38399
SAVAS MEPIN;38440;ISERE;38476
VILLENEUVE DE MARC;38440;ISERE;38555
LE GUA;38450;ISERE;38187
MIRIBEL LANCHATRE;38450;ISERE;38235
NOTRE DAME DE COMMIERS;38450;ISERE;38277
ST GEORGES DE COMMIERS;38450;ISERE;38388
VIF;38450;ISERE;38545
ANNOISIN CHATELANS;38460;ISERE;38010
CHAMAGNIEU;38460;ISERE;38067
CHOZEAU;38460;ISERE;38109
CREMIEU;38460;ISERE;38138
DIZIMIEU;38460;ISERE;38146
LEYRIEU;38460;ISERE;38210
MORAS;38460;ISERE;38260
OPTEVOZ;38460;ISERE;38282
PANOSSAS;38460;ISERE;38294
ST HILAIRE DE BRENS;38460;ISERE;38392
ST ROMAIN DE JALIONAS;38460;ISERE;38451
SICCIEU ST JULIEN ET CARI;38460;ISERE;38488
SOLEYMIEU;38460;ISERE;38494
TREPT;38460;ISERE;38515
VENERIEU;38460;ISERE;38532
VERNAS;38460;ISERE;38535
VEYSSILIEU;38460;ISERE;38542
VILLEMOIRIEU;38460;ISERE;38554
MIANGES;38460;ISERE;38906
L ALBENC;38470;ISERE;38004
BEAULIEU;38470;ISERE;38033
CHANTESSE;38470;ISERE;38074
CHASSELAY;38470;ISERE;38086
COGNIN LES GORGES;38470;ISERE;38117
MALLEVAL;38470;ISERE;38216
SERRE NERPOL;38470;ISERE;38275
NOTRE DAME DE L OSIER;38470;ISERE;38278
QUINCIEU;38470;ISERE;38330
ROVON;38470;ISERE;38345
ST GERVAIS;38470;ISERE;38390
TECHE;38470;ISERE;38500
VARACIEUX;38470;ISERE;38523
VATILIEU;38470;ISERE;38526
VINAY;38470;ISERE;38559
LE PONT DE BEAUVOISIN;38480;ISERE;38315
PRESSINS;38480;ISERE;38323
ROMAGNIEU;38480;ISERE;38343
ST ALBIN DE VAULSERRE;38480;ISERE;38354
ST JEAN D AVELANNE;38480;ISERE;38398
ST MARTIN DE VAULSERRE;38480;ISERE;38420
LES ABRETS;38490;ISERE;38001
AOSTE;38490;ISERE;38012
LA BATIE DIVISIN;38490;ISERE;38028
CHARANCIEU;38490;ISERE;38080
CHIMILIN;38490;ISERE;38104
FITILIEU;38490;ISERE;38165
GRANIEU;38490;ISERE;38183
LE PASSAGE;38490;ISERE;38296
ST ANDRE LE GAZ;38490;ISERE;38357
ST ONDRAS;38490;ISERE;38434
LA BUISSE;38500;ISERE;38061
COUBLEVIE;38500;ISERE;38133
ST CASSIEN;38500;ISERE;38373
ST NICOLAS DE MACHERIN;38500;ISERE;38432
VOIRON;38500;ISERE;38563
ARANDON;38510;ISERE;38014
LE BOUCHAGE;38510;ISERE;38050
BRANGUES;38510;ISERE;38055
COURTENAY;38510;ISERE;38135
CREYS MEPIEU;38510;ISERE;38139
CURTIN;38510;ISERE;38142
MEPIEU;38510;ISERE;38227
MORESTEL;38510;ISERE;38261
PASSINS;38510;ISERE;38297
ST SORLIN DE MORESTEL;38510;ISERE;38458
ST VICTOR DE MORESTEL;38510;ISERE;38465
SERMERIEU;38510;ISERE;38483
VEZERONCE CURTIN;38510;ISERE;38543
PUSIGNIEU;38510;ISERE;38935
LE BOURG D OISANS;38520;ISERE;38052
LA GARDE;38520;ISERE;38177
ORNON;38520;ISERE;38285
OULLES;38520;ISERE;38286
ST CHRISTOPHE EN OISANS;38520;ISERE;38375
VENOSC;38520;ISERE;38534
VILLARD NOTRE DAME;38520;ISERE;38549
VILLARD REYMOND;38520;ISERE;38551
BARRAUX;38530;ISERE;38027
LA BUISSIERE;38530;ISERE;38062
CHAPAREILLAN;38530;ISERE;38075
LA FLACHERE;38530;ISERE;38166
PONTCHARRA;38530;ISERE;38314
ST MAXIMIN;38530;ISERE;38426
GRENAY;38540;ISERE;38184
HEYRIEUX;38540;ISERE;38189
ST JUST CHALEYSSIN;38540;ISERE;38408
VALENCIN;38540;ISERE;38519
AUBERIVES SUR VAREZE;38550;ISERE;38019
CHEYSSIEU;38550;ISERE;38101
CLONAS SUR VAREZE;38550;ISERE;38114
LE PEAGE DE ROUSSILLON;38550;ISERE;38298
SABLONS;38550;ISERE;38349
ST MAURICE L EXIL;38550;ISERE;38425
CHAMP SUR DRAC;38560;ISERE;38071
JARRIE;38560;ISERE;38200
LE CHEYLAS;38570;ISERE;38100
GONCELIN;38570;ISERE;38181
HURTIERES;38570;ISERE;38192
MORETEL DE MAILLES;38570;ISERE;38262
LA PIERRE;38570;ISERE;38303
TENCIN;38570;ISERE;38501
THEYS;38570;ISERE;38504
ALLEVARD;38580;ISERE;38006
LA CHAPELLE DU BARD;38580;ISERE;38078
LA FERRIERE;38580;ISERE;38163
LE MOUTARET;38580;ISERE;38268
PINSOT;38580;ISERE;38306
LE PLEYNET;38580;ISERE;38924
BREZINS;38590;ISERE;38058
BRION;38590;ISERE;38060
LA FORTERESSE;38590;ISERE;38171
PLAN;38590;ISERE;38308
ST ETIENNE DE ST GEOIRS;38590;ISERE;38384
ST GEOIRS;38590;ISERE;38387
ST MICHEL DE ST GEOIRS;38590;ISERE;38427
SILLANS;38590;ISERE;38490
FONTAINE;38600;ISERE;38169
GIERES;38610;ISERE;38179
VENON;38610;ISERE;38533
MASSIEU;38620;ISERE;38222
MERLAS;38620;ISERE;38228
MONTFERRAT;38620;ISERE;38256
ST BUEIL;38620;ISERE;38372
ST GEOIRE EN VALDAINE;38620;ISERE;38386
ST SULPICE DES RIVOIRES;38620;ISERE;38460
VELANNE;38620;ISERE;38531
VOISSANT;38620;ISERE;38564
LES AVENIERES;38630;ISERE;38022
CORBELIN;38630;ISERE;38124
THUELLIN;38630;ISERE;38506
VEYRINS THUELLIN;38630;ISERE;38541
CLAIX;38640;ISERE;38111
AVIGNONET;38650;ISERE;38023
CHATEAU BERNARD;38650;ISERE;38090
ST MARTIN DE LA CLUZE;38650;ISERE;38115
GRESSE;38650;ISERE;38186
MONESTIER DE CLERMONT;38650;ISERE;38242
ROISSARD;38650;ISERE;38342
ST ANDEOL;38650;ISERE;38355
ST GUILLAUME;38650;ISERE;38391
ST MICHEL LES PORTES;38650;ISERE;38429
ST PAUL LES MONESTIER;38650;ISERE;38438
SINARD;38650;ISERE;38492
TREFFORT;38650;ISERE;38513
LUMBIN;38660;ISERE;38214
ST BERNARD;38660;ISERE;38367
ST HILAIRE;38660;ISERE;38395
STE MARIE D ALLOIX;38660;ISERE;38417
STE MARIE DU MONT;38660;ISERE;38418
ST PANCRASSE;38660;ISERE;38435
ST VINCENT DE MERCUZE;38660;ISERE;38466
LA TERRASSE;38660;ISERE;38503
LE TOUVET;38660;ISERE;38511
CHASSE SUR RHONE;38670;ISERE;38087
AUBERIVES EN ROYANS;38680;ISERE;38018
CHATELUS;38680;ISERE;38092
CHORANCHE;38680;ISERE;38108
PONT EN ROYANS;38680;ISERE;38319
PRESLES;38680;ISERE;38322
RENCUREL;38680;ISERE;38333
ST ANDRE EN ROYANS;38680;ISERE;38356
ST JUST DE CLAIX;38680;ISERE;38409
BELMONT;38690;ISERE;38038
BEVENAIS;38690;ISERE;38042
BIOL;38690;ISERE;38044
BIZONNES;38690;ISERE;38046
BURCIN;38690;ISERE;38063
CHABONS;38690;ISERE;38065
COLOMBE;38690;ISERE;38118
EYDOCHE;38690;ISERE;38159
FLACHERES;38690;ISERE;38167
LE GRAND LEMPS;38690;ISERE;38182
LONGECHENAL;38690;ISERE;38213
MONTREVEL;38690;ISERE;38257
OYEU;38690;ISERE;38287
ST DIDIER DE BIZONNES;38690;ISERE;38380
TORCHEFELON;38690;ISERE;38508
CORENC;38700;ISERE;38126
LE SAPPEY EN CHARTREUSE;38700;ISERE;38471
SARCENAS;38700;ISERE;38472
LA TRONCHE;38700;ISERE;38516
CORDEAC;38710;ISERE;38125
CORNILLON EN TRIEVES;38710;ISERE;38127
LAVARS;38710;ISERE;38208
MENS;38710;ISERE;38226
PREBOIS;38710;ISERE;38321
ST BAUDILLE ET PIPET;38710;ISERE;38366
ST GENIS;38710;ISERE;38385
ST JEAN D HERANS;38710;ISERE;38403
ST SEBASTIEN;38710;ISERE;38456
TREMINIS;38710;ISERE;38514
BLANDIN;38730;ISERE;38047
CHASSIGNIEU;38730;ISERE;38089
CHELIEU;38730;ISERE;38098
DOISSIN;38730;ISERE;38147
PANISSAGE;38730;ISERE;38293
LE PIN;38730;ISERE;38305
VALENCOGNE;38730;ISERE;38520
VIRIEU;38730;ISERE;38560
CHANTELOUVE;38740;ISERE;38073
ENTRAIGUES;38740;ISERE;38154
LE PERIER;38740;ISERE;38302
VALBONNAIS;38740;ISERE;38518
VALJOUFFREY;38740;ISERE;38522
HUEZ;38750;ISERE;38191
L ALPE D HUEZ;38750;ISERE;38928
ST PAUL DE VARCES;38760;ISERE;38436
VARCES ALLIERES ET RISSET;38760;ISERE;38524
MONTEYNARD;38770;ISERE;38254
LA MOTTE D AVEILLANS;38770;ISERE;38265
LA MOTTE ST MARTIN;38770;ISERE;38266
ESTRABLIN;38780;ISERE;38157
EYZIN PINET;38780;ISERE;38160
OYTIER ST OBLAS;38780;ISERE;38288
PONT EVEQUE;38780;ISERE;38318
SEPTEME;38780;ISERE;38480
SOUS COTE;38780;ISERE;38914
LE PEAGE;38780;ISERE;38915
CHARANTONNAY;38790;ISERE;38081
DIEMOZ;38790;ISERE;38144
ST GEORGES D ESPERANCHE;38790;ISERE;38389
COMBE ROUSSE;38790;ISERE;38917
CHAMPAGNIER;38800;ISERE;38068
LE PONT DE CLAIX;38800;ISERE;38317
ST PIERRE D ALLEVARD;38830;ISERE;38439
ST BONNET DE CHAVAGNE;38840;ISERE;38370
ST HILAIRE DU ROSIER;38840;ISERE;38394
ST LATTIER;38840;ISERE;38410
LA SONE;38840;ISERE;38495
BILIEU;38850;ISERE;38043
CHARAVINES;38850;ISERE;38082
CHIRENS;38850;ISERE;38105
MONT DE LANS;38860;ISERE;38253
L ALPE DE VENOSC;38860;ISERE;38912
L ALPE DE MONT DE LANS;38860;ISERE;38913
LES DEUX ALPES;38860;ISERE;38931
BRESSIEUX;38870;ISERE;38056
ST PIERRE DE BRESSIEUX;38870;ISERE;38440
ST SIMEON DE BRESSIEUX;38870;ISERE;38457
AUTRANS;38880;ISERE;38021
MONTCARRA;38890;ISERE;38250
ST CHEF;38890;ISERE;38374
SALAGNON;38890;ISERE;38467
VASSELIN;38890;ISERE;38525
VIGNIEU;38890;ISERE;38546
CHICHILIANNE;38930;ISERE;38103
CLELLES;38930;ISERE;38113
LALLEY;38930;ISERE;38204
LE MONESTIER DU PERCY;38930;ISERE;38243
PERCY;38930;ISERE;38301
ST MARTIN DE CLELLES;38930;ISERE;38419
ST MAURICE EN TRIEVES;38930;ISERE;38424
MONTFALCON;38940;ISERE;38255
ROYBON;38940;ISERE;38347
ST CLAIR SUR GALAURE;38940;ISERE;38379
QUAIX EN CHARTREUSE;38950;ISERE;38328
ST MARTIN LE VINOUX;38950;ISERE;38423
ST AUPRE;38960;ISERE;38362
ST ETIENNE DE CROSSEY;38960;ISERE;38383
AMBEL;38970;ISERE;38008
BEAUFIN;38970;ISERE;38031
CORPS;38970;ISERE;38128
LES COTES DE CORPS;38970;ISERE;38132
MONESTIER D AMBEL;38970;ISERE;38241
PELLAFOL;38970;ISERE;38299
QUET EN BEAUMONT;38970;ISERE;38329
STE LUCE;38970;ISERE;38414
LA SALETTE FALLAVAUX;38970;ISERE;38469
CHATENAY;38980;ISERE;38093
MARNANS;38980;ISERE;38221
VIRIVILLE;38980;ISERE;38561
